,eigenvalues,p_value,percent_variance_explained
0,1.858919850525263,1.0,53.894339785012356
1,1.0606153789994284,1.0,30.749666587751584
2,0.32593916478831336,1.0,9.449722155251022
3,0.20371870822912141,1.0,5.906271471985044
